Name,Price,Image,Description
Vitacost Magtein® Magnesium L-Threonate -- 2010 mg per se...,TND23.99 ,https://www.vitacost.com/Images/Products/200/Vitacost/Vitacost-Magtein-Magnesium-L-Threonate-844197016815.jpg,What is Magtein® Magnesium L-Threonate?
Vitacost Probiotic 15-35 15 Strains -- 35 billion CFU - 2...,TND39.99 ,https://www.vitacost.com/Images/Products/200/Vitacost/Vitacost-Probiotic-15-35-15-Strains-844197014569.jpg,What is Probiotic 15-35?
Healthy Origins HPF Cholestene Red Yeast Rice -- 120 Caps...,TND14.99 ,https://www.vitacost.com/Images/Products/200/Healthy-Origins/Healthy-Origins-HPF-Cholestene-Red-Yeast-Rice-640485100934.jpg,Use Cholestene™ with a plan that includes dietary changes and an exercise program.
Vitacost Chelated Zinc - Albion® Zinc Glycinate Chelate -...,TND6.99 ,https://www.vitacost.com/Images/Products/200/Vitacost/Vitacost-Chelated-Zinc-Albion-Zinc-Glycinate-Chelate-844197015566.jpg,What is Chelated Zinc - Albion® Zinc Glycinate Chelate?
Vitacost Vitamin D3 Mini Gels -- 125 mcg (5000 IU) - 365 ...,TND9.99 ,https://www.vitacost.com/Images/Products/200/Vitacost/Vitacost-Vitamin-D3-Mini-Gels-844197013715.jpg,Vitacost® Vitamin D3 is your everyday essential
Vitacost Berberine HCl -- 500 mg - 50 Capsules,TND12.99 ,https://www.vitacost.com/Images/Products/200/Vitacost/Vitacost-Berberine-HCl-844197029952.jpg,"Potency • Purity • Pride
All Vitacost® supplements are formulated to deliver the level of support you expect and deserve. Whether you’re shopping Vitacost® vitamins, minerals, herbs or other key nutrients, their potency is guaranteed – what’s on the label is what’s in the bottle. Plus, all Vitacost® supplements adhere to the FDA’s Current Good Manufacturing Practices (CGMPs), ensuring that they are manufactured to high standards of POTENCY, PURITY, efficacy and safety. We take PRIDE in what we do, which is why we promise if you don’t love your product, we’ll take it back – even if the bottle is empty."
QuitGo Soft-Tip Inhaler Fresh Mint -- 1 Inhaler,TND12.99 ,https://www.vitacost.com/Images/Products/200/QuitGo/QuitGo-Soft-Tip-Inhaler-Fresh-Mint-850005437086.jpg,"QuitGo is the only smoke-free inhaler with a soft tip chewable mouth grip that provides oral fixation relief to help you cope with cravings and other quit smoking symptoms so you can overcome the urge to smoke naturally, without any nicotine, tobacco, addictive drugs or harmful chemicals."
Vitacost Magnesium Ultra -- 300 mg - 180 Capsules,TND8.99 ,https://www.vitacost.com/Images/Products/200/Vitacost/Vitacost-Magnesium-Ultra-835003002030.jpg,What are the key benefits of Vitacost® Magnesium Ultra?
"Vitacost-Synergy Mega EFA® Mini Gels - 1,200 mg Omega-3 E...",TND13.99 ,https://www.vitacost.com/Images/Products/200/Vitacost-Synergy/Vitacost-Synergy-Mega-EFA-Mini-Gels-1-200-mg-Omega-3-EPA-And-DHA-per-serving-835003004041.jpg,What is Mega EFA Mini Gels?
Nutrition Now PB 8® Probiotic -- 120 Capsules,TND15.89 ,https://www.vitacost.com/Images/Products/200/Nutrition-Now/Nutrition-Now-PB-8-Probiotic-027917001128.jpg,"The microflora growth concentrate selected for PB8™ is inulin, a carbohydrate from chicory root (Cichorium intybus). Inulin is also found in a variety of fruits, vegetables, and grains."
Vitacost Probiotic 15-35 15 Strains - 35 billion CFU† per...,TND21.99 ,https://www.vitacost.com/Images/Products/200/Vitacost/Vitacost-Probiotic-15-35-15-Strains-35-billion-CFU-per-serving-835003005970.jpg,What is Probiotic 15-35?
Vitacost Magnesium Citrate -- 400 mg Magnesium per servin...,TND11.99 ,https://www.vitacost.com/Images/Products/200/Vitacost/Vitacost-Magnesium-Citrate-844197030521.jpg,What is Magnesium Citrate?
Vitacost-Root2 BioCell Collagen® with 100 mg Hyaluronic A...,TND35.20 ,https://www.vitacost.com/Images/Products/200/Vitacost/Vitacost-ROOT2-BioCell-Collagen-with-100-mg-Hyaluronic-Acid-per-serving-835003002115.jpg,What is BioCell Collagen® with Hyaluronic Acid?
Nature's Way Magnesium Complex - Magnesium Citrate & Oxid...,TND7.19 ,https://www.vitacost.com/Images/Products/200/Natures-Way/Natures-Way-Magnesium-Complex-Magnesium-Citrate-And-Oxide-033674410516.jpg,"Nature's Way Magnesium Complex is high potency, made with two forms of magnesium to support muscle relaxation, muscle function, and to promote a sense of calm. This daily magnesium supplement replenishes stress-depleted magnesium levels and supports a healthy response to stress. Made with magnesium citrate and magnesium oxide."
Vitacost Omega-3 Fish Oil‡ Lemon -- 1000 mg - 150 Softgels,TND7.99 ,https://www.vitacost.com/Images/Products/200/Vitacost/Vitacost-Omega-3-Fish-Oil-Lemon-844197016426.jpg,What is Omega-3 Fish Oil?
Great Lakes Collagen Peptides Unflavored -- 16 oz,TND25.79 ,https://www.vitacost.com/Images/Products/200/Great-Lakes/Great-Lakes-Collagen-Peptides-Unflavored-322654002125.jpg,"We've been at it since 1922, so we know a thing or two about making great collagen products. Our grass-fed collagen dissolves quickly and is easy to digest. You may not taste it or smell it, but you'll feel the benefits."
Vitacost Vitamin B-12 Methylcobalamin -- 500 mcg - 300 Ca...,TND9.99 ,https://www.vitacost.com/Images/Products/200/Vitacost/Vitacost-Vitamin-B-12-Methylcobalamin-835003008827.jpg,What is vitamin B-12 (methylcobalamin)?
Garden of Life Vitamin Code® RAW Zinc™ -- 60 Vegan Capsules,TND11.19 ,https://www.vitacost.com/Images/Products/200/Garden-of-Life/Garden-of-Life-Vitamin-Code-RAW-Zinc-658010116527.jpg,"Vitamin Code Raw Zinc is whole food nutrition, specifically formulated to provide 30mg of high-potency zinc (273% of the Daily Value) plus 60mg of vitamin C. Twenty-three powdered organically grown fruits and vegetables, plus 75 alkalizing trace minerals, add supporting antioxidants, vitamins and nutrient cofactors. Raw means no high heat, synthetic binders or fillers, artificial flavors, sweeteners, colors or additives commonly used in tablets. Vitamin Code Raw Zinc supports immune system health, skin and eye health, prostate health and has live probiotics and enzymes to support healthy digestion."
Vitacost Vitamin C -- 1000 mg - 250 Capsules,TND12.99 ,https://www.vitacost.com/Images/Products/200/Vitacost/Vitacost-Vitamin-C-835003000340.jpg,What is Vitamin C?
Vitacost Vitamin E & Tocotrienol Complex -- 60 Liquid Cap...,TND7.56 ,https://www.vitacost.com/Images/Products/200/Vitacost/Vitacost-Vitamin-E-And-Tocotrienol-Complex-844197015474.jpg,What is Vitamin E & Tocotrienol Complex?
Vitacost Zinc & Copper 15 mg / 1 mg -- 100 Capsules,TND4.99 ,https://www.vitacost.com/Images/Products/200/Vitacost/Vitacost-Zinc-And-Copper-15-mg-1-mg-844197017621.jpg,What is Zinc & Copper?
Nordic Naturals Ultimate Omega Lemon -- 1280 mg - 180 Sof...,TND64.56 ,https://www.vitacost.com/Images/Products/200/Nordic-Naturals/Nordic-Naturals-Ultimate-Omega-Lemon-768990037900.jpg,"Doctor-recommended fish oil for immunity, brain, and heart support—without the fishy aftertaste. Ultimate Omega® delivers the #1 omega-3 in the U.S.—for heart, brain, and wellness support—in every delicious daily serving."
Vitacost Probiotic 10-20 10 Strains -- 20 billion CFU† pe...,TND19.99 ,https://www.vitacost.com/Images/Products/200/Vitacost/Vitacost-Probiotic-10-20-10-Strains-844197014552.jpg,What are Probiotic supplements?
Garden of Life Dr. Formulated Probiotics Once Daily Women...,TND32.19 ,https://www.vitacost.com/Images/Products/200/Garden-of-Life/Garden-of-Life-Dr-Formulated-Probiotics-Once-Daily-Womens-658010118323.jpg,"Dr. Perlmutter created this unique formula exclusively for Women, with a high count of beneficial probiotics made from diverse strains that are resistant to stomach acid and bile, to support women's digestive and immune system health."
"Vitacost Vitamin D3 Mini Gels -- 125 mcg (5,000 IU) - 100...",TND3.99 ,https://www.vitacost.com/Images/Products/200/Vitacost/Vitacost-Vitamin-D3-Mini-Gels-844197017065.jpg,What is Vitamin D?
Vitacost Women's 50 Plus Multivitamin -- 120 Tablets,TND13.99 ,https://www.vitacost.com/Images/Products/200/Vitacost/Vitacost-Womens-50-Plus-Multivitamin-844197014873.jpg,What is Women’s 50 Plus Multivitamin?
Vitacost N-Acetyl L-Cysteine -- 600 mg - 240 Capsules,TND19.99 ,https://www.vitacost.com/Images/Products/200/Vitacost/Vitacost-N-Acetyl-L-Cysteine-835003006731.jpg,What is N-Acetyl L-Cysteine?
LivOn Laboratories Lypo-Spheric™ Vitamin C -- 1000 mg - 3...,TND40.69 ,https://www.vitacost.com/Images/Products/200/LivOn-Laboratories/LivOn-Laboratories-Lypo-Spheric-Vitamin-C-858514001002.jpg,"Superior Absorption
• Scientifically proven to raise Vitamin C plasma levels 2X previously thought possible
• Absorbs 50% better in white blood cells than Vitamin C powder for better immune system support
• Lypo-Spheric® Vitamin C uses lipsomes made from phospholipids — the same material that makes up your cells — to encapsulate the nutrient and maximize absorption. With the Lypo-Spheric delivery system, you get the benefit of the nutrient and satisfy the body's ever-growing need for Phospholipids, including Phosphatydlcholine."
Vitacost Potassium Citrate -- 99 mg Potassium - 300 Capsules,TND7.99 ,https://www.vitacost.com/Images/Products/200/Vitacost/Vitacost-Potassium-Citrate-835003004270.jpg,What is Potassium Citrate?
Vitacost-Synergy SAM-e -- 400 mg - 60 Enteric Coated Tabs,TND29.99 ,https://www.vitacost.com/Images/Products/200/Vitacost-Synergy/Vitacost-Synergy-SAM-e-844197019489.jpg,What is SAM-e?
Life Extension BioActive Complete B-Complex -- 60 Vegetar...,TND9.00 ,https://www.vitacost.com/Images/Products/200/Life-Extension/Life-Extension-BioActive-Complete-B-Complex-737870194569.jpg,"Daily replenishment of the B-vitamins is essential. B-vitamins are water soluble and easily washed from the body. Plus, stress, certain medications, and alcoholic beverages can quickly deplete the body's B-vitamin reserves."
Vitacost Men's 50 Plus Multivitamin -- 120 Tablets,TND13.99 ,https://www.vitacost.com/Images/Products/200/Vitacost/Vitacost-Mens-50-Plus-Multivitamin-844197014866.jpg,What are the key benefits of Vitacost® Men’s 50 Plus?
Vitacost Vitamin K2 -- 100 mcg MK-7 - 16 mg Nattokinase -...,TND16.99 ,https://www.vitacost.com/Images/Products/200/Vitacost/Vitacost-Vitamin-K2-844197014613.jpg,What is Vitamin K2 MK-7 with Nattokinase?
Vitacost Ultra Vitamin K includes Advanced K2 Complex -- ...,TND14.99 ,https://www.vitacost.com/Images/Products/200/Vitacost/Vitacost-Ultra-Vitamin-K-includes-Advanced-K2-Complex-844197025466.jpg,What is Ultra Vitamin K includes Advanced K2 Complex?
Vitacost-Synergy Synergy Advan-C® including Quercetin & B...,TND18.99 ,https://www.vitacost.com/Images/Products/200/Vitacost-Synergy/Vitacost-Synergy-Synergy-Advan-C-including-Quercetin-And-Bioflavonoids-835003007806.jpg,What is Advan-C with Quercetin and Citrus Bioflavonoids?
Vitacost-Synergy Lutein with Zeaxanthin Featuring FloraGL...,TND25.99 ,https://www.vitacost.com/Images/Products/200/Vitacost/Vitacost-Synergy-Lutein-with-Zeaxanthin-Featuring-FloraGLO-Lutein-835003008391.jpg,What is Lutein?
Garden of Life Vitamin Code RAW Vitamin C -- 500 mg - 120...,TND26.59 ,https://www.vitacost.com/Images/Products/200/Garden-of-Life/Garden-of-Life-Vitamin-Code-RAW-Vitamin-C-658010116558.jpg,"Vitamin Code RAW Vitamin C is a whole food nutrition, specifically formulated to provide 500 mg of Vitamin C, along with naturally occurring bioflavonoids."
Vitacost Vitamin D3 Mini Gels -- 125 mcg (5000 IU) - 200 ...,TND5.99 ,https://www.vitacost.com/Images/Products/200/Vitacost/Vitacost-Vitamin-D3-Mini-Gels-844197014941.jpg,What is Vitamin D?
Vitacost Triple Fiber -- 100 Capsules,TND5.49 ,https://www.vitacost.com/Images/Products/200/Vitacost/Vitacost-Triple-Fiber-844197014859.jpg,What is Triple Fiber?
Vitacost-Synergy 5-Loxin®-AKBA Boswellia Extract -- 150 m...,TND21.99 ,https://www.vitacost.com/Images/Products/200/Vitacost-Synergy/Vitacost-Synergy-5-Loxin-AKBA-Boswellia-Extract-835003007363.jpg,What are the key benefits of Synergy 5-Loxin®-AKBA Boswellia Extract?
Codeage Multi Collagen Peptides Powder - Grass-Fed Hydrol...,TND39.99 ,https://www.vitacost.com/Images/Products/200/Codeage/Codeage-Multi-Collagen-Peptides-Powder-Grass-Fed-Hydrolyzed-Collagen-Protein-Unflavored-853919008021.jpg,"Premium All-In-One Collagen Peptides With Organic Bone Broth: Codeage Multi Collagen Protein powder offers an all-in-one, premium collagen and bone broth collagen powder supplement. It features a high-quality blend of 5 types of food sourced collagen peptides including grass-fed beef, free-range chicken, wild caught fish, and eggshell collagens. This formula provides collagen Types I, II, III, V and X as well as 18 amino acids all-in-one. Unflavored and easy to mix."
Vitacost Quercetin & Bromelain -- 250 Capsules,TND34.99 ,https://www.vitacost.com/Images/Products/200/Vitacost/Vitacost-Quercetin-And-Bromelain-835003004652.jpg,What are the key benefits of Vitacost® Quercetin & Bromelain?
Vitacost Vitamin D3 & K2 Natural Cherry Flavored -- 60 Ch...,TND3.99 ,https://www.vitacost.com/Images/Products/200/Vitacost/Vitacost-Vitamin-D3-And-K2-Natural-Cherry-Flavored-844197014293.jpg,What is Vitamin D3 & K2?
Vitacost Ashwagandha Extract - Standardized -- 470 mg - 1...,TND8.99 ,https://www.vitacost.com/Images/Products/200/Vitacost/Vitacost-Ashwagandha-Extract-Standardized-844197010639.jpg,What is Ashwagandha extract?
Vitacost Vitamin C 1000 mg Including Rose Hips -- 250 Cap...,TND14.99 ,https://www.vitacost.com/Images/Products/200/Vitacost/Vitacost-Vitamin-C-1000-mg-Including-Rose-Hips-835003004676.jpg,What is Vitamin C?
Renew Life Adult Cleanse 3-Day Total Body Reset 2-Part Pr...,TND7.19 ,https://www.vitacost.com/Images/Products/200/Renew-Life/Renew-Life-Adult-Cleanse-3-Day-Total-Body-Reset-2-Part-Program-631257159786.jpg,"Renew Life is the #1 cleansing brand, and Renew Life® 3-Day Cleanse is the #1 selling cleanse in the nation! This easy-to-use, advanced herbal cleanse and detox formula works in harmony with your body's natural detoxification process to help you feel lighter, brighter and more energized."
Vitacost CoQ10 -- 100 mg - 60 Capsules,TND9.99 ,https://www.vitacost.com/Images/Products/200/Vitacost/Vitacost-CoQ10-835003000791.jpg,What is CoQ10?
New Chapter Plant Calcium Bone Strength Take Care -- 180 ...,TND59.49 ,https://www.vitacost.com/Images/Products/200/New-Chapter/New-Chapter-Plant-Calcium-Bone-Strength-Take-Care-727783004215.jpg,"3-in-1 Bone, Joint and Heart Support"
Pure Encapsulations Magnesium (glycinate) -- 180 Capsules,TND44.60 ,https://www.vitacost.com/Images/Products/200/Pure-Encapsulations/Pure-Encapsulations-Magnesium-glycinate-766298001753.jpg,"Magnesium activates the enzymes necessary for a number of physiological functions, including neuromuscular contractions, cardiac function, and the regulation of the acid - alkaline balance in the body. It is necessary for the metabolism of carbohydrates, amino acids and fats; also for energy production, and the utilization of calcium, phosphorus, sodium, and potassium. This vital mineral also helps utilize B-complex vitamins, vitamin C, and vitamin E. Magnesium glycinate is less likely to cause loose stools than other forms of magnesium."
Jarrow Formulas Energy Methyl B-12 Chewable Tablets -- 10...,TND10.49 ,https://www.vitacost.com/Images/Products/200/Jarrow-Formulas/Jarrow-Formulas-Energy-Methyl-B-12-Chewable-Tablets-790011180012.jpg,"Methyl B-12 (methylcobalamin) supports brain and nerve health and function, energy production, cell replication, red blood cell production and sleep-wake cycles. Methyl B-12 is also required to metabolize homocysteine back into the essential amino acid L-methionine. Methyl B-12 is better absorbed and retained than cyanocobalamin, and supplementation may be needed by seniors, persons on stomach acid reducing regimens, and some vegetarians/vegans."
Vitacost B-50 Complex -- 100 Capsules,TND6.99 ,https://www.vitacost.com/Images/Products/200/Vitacost/Vitacost-B-50-Complex-844197016877.jpg,What are the key benefits of Vitacost® B-50?
Vitacost Chelated Magnesium - Albion Magnesium Bisglycina...,TND15.99 ,https://www.vitacost.com/Images/Products/200/Vitacost/Vitacost-Chelated-Magnesium-Albion-Magnesium-Bisglycinate-Chelate-Buffered-with-Magnesium-Oxide-844197016723.jpg,What is Chelated Magnesium - Albion® Magnesium Bisglycinate Chelate Buffered with Magnesium Oxide?
Vitacost Vitamin D3 (as Cholecalciferol) -- 50 mcg (2000 ...,TND8.99 ,https://www.vitacost.com/Images/Products/200/Vitacost/Vitacost-Vitamin-D3-as-Cholecalciferol-844197011926.jpg,What is Vitamin D?
NOW Vitamin D-3 -- 5000 IU - 240 Softgels,TND13.19 ,https://www.vitacost.com/Images/Products/200/NOW/NOW-Vitamin-D-3-733739003737.jpg,"NOW® Vitamin D-3 softgels supply this key vitamin in a highly-absorbable liquid softgel form. Vitamin D is normally obtained from the diet or produced by the skin from the ultraviolet energy of the sun. However, it is not abundant in food. As more people avoid sun exposure, Vitamin D supplementation becomes even more necessary to ensure that your body receives an adequate supply."
Vitacost CoQ10 -- 100 mg - 120 Capsules,TND18.99 ,https://www.vitacost.com/Images/Products/200/Vitacost/Vitacost-CoQ10-835003004478.jpg,What is CoQ10?
Trace Minerals Research Trace Mineral Drops ConcenTrace® ...,TND34.99 ,https://www.vitacost.com/Images/Products/200/Trace-Minerals-Research/Trace-Minerals-Research-Trace-Mineral-Drops-ConcenTrace-878941000058.jpg,"ConcenTrace® Trace Mineral Drops is an all natural concentrated complex of full spectrum, naturally-occurring ionic trace minerals from Utah's inland sea that's made by using ConcenFlo™, our proprietary harvesting process."
Bragg Non-GMO Liquid Aminos Soy Protein Seasoning -- 32 f...,TND8.59 ,https://www.vitacost.com/Images/Products/200/Bragg/Bragg-Non-GMO-Liquid-Aminos-Soy-Protein-Seasoning-074305000324.jpg,"Bragg® Liquid Aminos is a liquid seasoning made from non-GMO) verified soybeans. It is the original formula created by healthy store pioneer, Paul C. Bragg."
Vitacost-Synergy Glucosamine Chondroitin & MSM -- 360 Cap...,TND31.99 ,https://www.vitacost.com/Images/Products/200/Vitacost-Synergy/Vitacost-Synergy-Glucosamine-Chondroitin-And-MSM-844197030200.jpg,What is Glucosamine Chondroitin & MSM?
Vitacost Strontium -- 680 mg per serving - 240 Vegetarian...,TND19.99 ,https://www.vitacost.com/Images/Products/200/Vitacost/Vitacost-Strontium-835003009800.jpg,What is strontium?
Vitacost Vitamin D3 (as Cholecalciferol) -- 2000 IU - 120...,TND3.69 ,https://www.vitacost.com/Images/Products/200/Vitacost/Vitacost-Vitamin-D3-as-Cholecalciferol-844197014811.jpg,What is Vitamin D?
Pure Encapsulations Magnesium (glycinate) -- 90 Capsules,TND26.00 ,https://www.vitacost.com/Images/Products/200/Pure-Encapsulations/Pure-Encapsulations-Magnesium-glycinate-766298001746.jpg,"Magnesium (glycinate) is a highly bioavailable magnesium chelate, which supports the metabolism and utilization of carbohydrates, amino acids and fats for energy. Magnesium (glycinate) helps activate enzymes for physiological functions including cardiac health"
Nature's Way CalmAid with Silexan Lavender Oil - Non-Drow...,TND14.69 ,https://www.vitacost.com/Images/Products/200/Natures-Way/Natures-Way-CalmAid-with-Silexan-Lavender-Oil-Non-Drowsy-033674158197.jpg,"Feel more relaxed with the help of Nature's Way CalmAid. It’s made with Silexan™, a clinically studied lavender oil shown to reduce feelings of tension and stress. CalmAid is non-drowsy and can be taken once or twice-daily for stress management."
Vitacost Chelated Copper - Albion® Copper Bisglycinate Ch...,TND2.99 ,https://www.vitacost.com/Images/Products/200/Vitacost/Vitacost-Chelated-Copper-Albion-Copper-Bisglycinate-Chelate-844197015368.jpg,What is Chelated Copper - Albion® Copper Bisglycinate Chelate
Jarrow Formulas Zinc Balance® -- 100 Capsules,TND11.30 ,https://www.vitacost.com/Images/Products/200/Jarrow-Formulas/Jarrow-Formulas-Zinc-Balance-790011130086.jpg,Zinc Balance® combines Zinc L-Methionine and Copper Gluconate (15:1 ratio). Zinc L-Methionine allows zinc absorption with phytate and fiber in vegetables. Zinc supports immune function. Zinc Balance includes copper because supplemental zinc depletes copper.
Vitacost Melatonin -- 5 mg - 100 Tablets,TND4.19 ,https://www.vitacost.com/Images/Products/200/Vitacost/Vitacost-Melatonin-844197014897.jpg,What is Melatonin?
Vitacost-Synergy Mega Digestive Enzymes with Pancreatin 1...,TND23.99 ,https://www.vitacost.com/Images/Products/200/Vitacost-Synergy/Vitacost-Synergy-Mega-Digestive-Enzymes-with-Pancreatin-10X-844197014545.jpg,What is Mega Digestive Enzymes with Pancreatin 10X?
Nature's Way Alive! Men’s 50+ Ultra Multivitamin - High P...,TND20.59 ,https://www.vitacost.com/Images/Products/200/Natures-Way/Natures-Way-Alive-Men-s-50-Ultra-Multivitamin-High-Potency-Formula-B-Vitamins-033674156919.jpg,"Nature's Way Alive! Men's 50+ Ultra Multivitamin contains 100% or more DV of 19 vitamins and minerals and 200% or more DV of 12 vitamins and minerals. It’s designed to support heart health, brain function, eye health, and more. Premium B-vitamins, including folate and B12, help convert food into fuel. Also contains specific powder blends like Orchard Greens & Garden Veggies (60 mg per serving), Cardio, Mind & Body Energy, and Daily Greens. Gluten free with no artificial colors."
Natural Vitality Natural Calm Original Unflavored -- 8 oz,TND18.29 ,https://www.vitacost.com/Images/Products/200/Natural-Vitality/Natural-Vitality-Natural-Calm-Original-Unflavored-183405043497.jpg,Experience Calm: You may notice muscles relaxing and an overarching sense of calmfulness.
Vitacost-Synergy Mega EFA CoQ10 - 1200 mg Omega-3 EPA & D...,TND24.99 ,https://www.vitacost.com/Images/Products/200/Vitacost-Synergy/Vitacost-Synergy-Mega-EFA-CoQ10-1200-mg-Omega-3-EPA-And-DHA-100-mg-CoQ10-per-serving-844197027101.jpg,What are the key benefits of Synergy Mega EFA® + CoQ10?
Life Extension Neuro-Mag Magnesium L-Threonate -- 90 Vege...,TND30.75 ,https://www.vitacost.com/Images/Products/200/Life-Extension/Life-Extension-Neuro-Mag-Magnesium-L-Threonate-737870160397.jpg,What Is NeuroMag Magnesium L-Threonate?
Vitacost CoQ10 -- 200 mg - 60 Capsules,TND19.99 ,https://www.vitacost.com/Images/Products/200/Vitacost/Vitacost-CoQ10-835003000807.jpg,What is CoQ10?
Vitacost Biotin -- 5000 mcg - 120 Capsules,TND4.48 ,https://www.vitacost.com/Images/Products/200/Vitacost/Vitacost-Biotin-835003009404.jpg,What is Biotin?
Vitacost CoQ10 -- 200 mg - 120 Capsules,TND35.99 ,https://www.vitacost.com/Images/Products/200/Vitacost/Vitacost-CoQ10-835003004577.jpg,What is CoQ10?
Solaray Magnesium Glycinate -- 350 mg - 240 VegCaps,TND29.99 ,https://www.vitacost.com/Images/Products/200/Solaray/Solaray-Magnesium-Glycinate-076280895049.jpg,"Magnesium Glycinate (also known as Bisglycinate) is believed to offer superior availability of Magnesium to the body. It is intended to provide nutritive support for normal, healthy, muscle function."
Vitacost Vitamin B-12 Methylcobalamin -- 5000 mcg - 100 C...,TND14.49 ,https://www.vitacost.com/Images/Products/200/Vitacost/Vitacost-Vitamin-B-12-Methylcobalamin-835003001804.jpg,What is Vitamin B-12 (Methylcobalamin)?
NOW Vitamin D-3 -- 2000 IU - 240 Softgels,TND9.59 ,https://www.vitacost.com/Images/Products/200/NOW/NOW-Vitamin-D-3-733739003775.jpg,"NOW® Vitamin D Softgels supply this key vitamin in a highly absorbable liquid softgel form. Vitamin D is normally obtained from the diet or produced by the skin from the ultraviolet energy of the sun. However, it is not abundant in food. As more people avoid sun exposure, Vitamin D supplementation becomes even more necessary to ensure that your body receives an adequate supply."
Ancient Nutrition Multi Collagen Protein -- 16.2 oz,TND45.01 ,https://www.vitacost.com/Images/Products/200/Ancient-Nutrition/Ancient-Nutrition-Multi-Collagen-Protein-858109006115.jpg,"Ancient Nutrition provides what our modern would doesn't: easy access to simple, whole food nutrients that help your beauty shine from the inside out."
Vital Proteins Collagen Peptides - NSF Certified for Spor...,TND43.99 ,https://www.vitacost.com/Images/Products/200/Vital-Proteins/Vital-Proteins-Collagen-Peptides-NSF-Certified-for-Sport-Unflavored-850232005089.jpg,Look & Feel Your Best
Nature's Way Alive! Women's 50+ Ultra Multivitamin - High...,TND20.09 ,https://www.vitacost.com/Images/Products/200/Natures-Way/Natures-Way-Alive-Womens-50-Ultra-Multivitamin-High-Potency-Formula-033674156926.jpg,"Support multiple body systems after age 50. Nature's Way Alive! Women's 50+ Ultra Multivitamin contains 200% or more Daily Value of 10 vitamins and minerals women need. The once-daily formula is designed to support healthy brain function, heart health, bone health, and more. High potency vitamins C and E and selenium provide antioxidant support. Women's 50+ Ultra Potency Multivitamin also contains plant-based blends like Orchard Fruits & Garden Veggies (60 mg per serving), Cardio, Mind & Body Energy, and Daily Greens. Gluten-free with no artificial colors."
New Chapter Zyflamend™ -- 180 Vegetarian Capsules,TND69.99 ,https://www.vitacost.com/Images/Products/200/New-Chapter/New-Chapter-Zyflamend-727783900739.jpg,Power of 10 Herbs
Jarrow Formulas Brain Health Methyl Folate -- 400 mcg - 6...,TND8.29 ,https://www.vitacost.com/Images/Products/200/Jarrow-Formulas/Jarrow-Formulas-Brain-Health-Methyl-Folate-790011300069.jpg,"Methyl Folate ((6S)-5-methyl tetrahydrofolate or 5-MTHF) is a highly biologically active form of folate. Due to the body's limited ability to transform synthetic folic acid into the active form of folate, supplementation with 5=-MTHF is highly preferable."
Vitacost Chelated Iron - Albion® Ferrous Bisglycinate Che...,TND5.99 ,https://www.vitacost.com/Images/Products/200/Vitacost/Vitacost-Chelated-Iron-Albion-Ferrous-Bisglycinate-Chelate-835003001699.jpg,What is Chelate Iron - Albion® Ferrous Bisglycinate Chelate - Ferrochel® Iron?
Vitacost Complete B-100 Complex -- 300 Capsules,TND26.99 ,https://www.vitacost.com/Images/Products/200/Vitacost/Vitacost-Complete-B-100-Complex-835003006984.jpg,What is B-100 Complex?
Vitacost Natural Vitamin E -- 268 mg (400 IU) with 5mg Mi...,TND9.99 ,https://www.vitacost.com/Images/Products/200/Vitacost/Vitacost-Natural-Vitamin-E-844197017966.jpg,What is Natural Vitamin E?
Frontier Co-Op Certified Organic Whole Psyllium Husk -- 1...,TND14.99 ,https://www.vitacost.com/Images/Products/200/Frontier-Co-Op/Frontier-Co-Op-Certified-Organic-Whole-Psyllium-Husk-089836008633.jpg,"Frontier Co-op® Organic Psyllium Husk (Plantago ovata) is a gluten-free herb that is mostly used in baked goods, creams, and soups. It has glue-like properties that helps foods and ingredients stick together."
Vitacost Trans-Resveratrol Plus -- 60 Capsules,TND10.48 ,https://www.vitacost.com/Images/Products/200/Vitacost/Vitacost-Trans-Resveratrol-Plus-844197015511.jpg,What are the key benefits of Vitacost® Trans-Resveratrol Plus?
Vitacost Magnesium -- 500 mg - 180 Capsules,TND7.99 ,https://www.vitacost.com/Images/Products/200/Vitacost/Vitacost-Magnesium-835003000654.jpg,What is Magnesium?
Dr. Mercola Liposomal Vitamin C -- 1000 mg - 180 Capsules,TND46.25 ,https://www.vitacost.com/Images/Products/200/Dr-Mercola/Dr-Mercola-Liposomal-Vitamin-C-813006015592.jpg,There's a major problem with traditional oral vitamin C.
Vitacost Vitamin K2 featuring MenaQ7® -- 50 mcg - 30 Soft...,TND4.68 ,https://www.vitacost.com/Images/Products/200/Vitacost/Vitacost-Vitamin-K2-featuring-MenaQ7-844197019397.jpg,What is Vitamin K?
Nutrition Now PB 8® Probiotic -- 120 Vegetarian Capsules,TND16.09 ,https://www.vitacost.com/Images/Products/200/Nutrition-Now/Nutrition-Now-PB-8-Probiotic-027917003573.jpg,"Nutrition Now PB 8 Probiotic Acidophilus for Life* Vegetarian Dietary Supplement helps you maintain a healthy digestive system with proprietary blend of beneficial bacteria. An imbalance between beneficial bacteria and less friendly bacteria in the gut can leave you feeling sluggish, bloated, irregular, and affect your overall digestive system. The health of your gut is important for many functions within the body as well as for overall wellbeing. Nutrition Now PB 8 Probiotic supports intestinal balance that can be affected by rich meals, dairy products, preservatives, stress, and even age. * This vegetarian capsule has 14 billion active cultures and 8 strains of beneficial bacteria. Plus, it's free of any gluten, milk, soy, peanut, tree nut, or eggs."
Vitacost MSM -- 1000 mg - 240 Capsules,TND15.99 ,https://www.vitacost.com/Images/Products/200/Vitacost/Vitacost-MSM-835003001774.jpg,What is MSM?
Heritage Store Organic Castor Oil -- 32 fl oz,TND29.49 ,https://www.vitacost.com/Images/Products/200/Heritage-Store/Heritage-Store-Organic-Castor-Oil-076970221318.jpg,Experience The Purest Castor Oil There Is
Vitacost D-Mannose with Vitamin C Featuring CranForte® --...,TND11.69 ,https://www.vitacost.com/Images/Products/200/Vitacost/Vitacost-D-Mannose-with-Vitamin-C-Featuring-CranForte-835003007707.jpg,What are the key benefits of Vitacost® D-Mannose with Vitamin C Featuring CranForte®?
NOW Vitamin D-3 & K-2 -- 120 Vegetarian Capsules,TND8.89 ,https://www.vitacost.com/Images/Products/200/NOW/NOW-Vitamin-D-3-And-K-2-733739003690.jpg,"NOW combines two nutrients extensively researched for their contribution to the health of bones, teeth and the cardiovascular system. Vitamin D3 promotes Calcium transport and absorption. Recent studies indicate that Vitamin D3 may play a role in proper insulin action and glucose metabolism and has an important function within the immune system. Vitamin K is critical for the formation of a healthy, strong bone matrix. Vitamin K's role in arterial health revolves around its ability to support proper Calcium metabolism in vascular structures. Vitamin K2 is readily active and biologically available form of Vitamin K."
Vitacost Magnesium Taurate -- 2500 mg per serving - 120 V...,TND13.99 ,https://www.vitacost.com/Images/Products/200/Vitacost/Vitacost-Magnesium-Taurate-844197016945.jpg,What are the key benefits of Vitacost® Magnesium Taurate?
Vitacost Selenium SeLECT® -- 200 mcg - 200 Capsules,TND6.99 ,https://www.vitacost.com/Images/Products/200/Vitacost/Vitacost-Selenium-SeLECT-835003000432.jpg,What is selenium?
NOW Lutein & Zeaxanthin -- 60 Softgels,TND17.59 ,https://www.vitacost.com/Images/Products/200/NOW/NOW-Lutein-And-Zeaxanthin-733739030641.jpg,"Lutein and Zeaxanthin are free radical scavenging carotenoid pigments often found together in vegetables. In the body, they are deposited in the macula, a specialized area of the eye that is responsible for central vision. Acting as primary filters of high-energy blue light, Lutein and Zeaxanthin help to promote normal visual health by protecting the eye against oxidative stress. This product is formulated to support normal recovery from bright light exposure and the maintenance of healthy contracts sensitivity."
Nature Made Calcium Magnesium Zinc with Vitamin D3 -- 300...,TND10.89 ,https://www.vitacost.com/Images/Products/200/Nature-Made/Nature-Made-Calcium-Magnesium-Zinc-with-Vitamin-D3-031604018931.jpg,"Nature Made's Calcium Magnesium Zinc with Vitamin D3 supplement supports strong bones. Sourced from high quality ingredients, this gluten free Calcium supplement is a dietary supplement that has no synthetic dyes and no artificial flavors. These Calcium Magnesium Zinc tablets also help you meet your daily Calcium needs, and include Vitamin D3, which helps improve Calcium absorption. Vitamin D3 and Zinc provide immune support. Magnesium supports muscle relaxation, nerve, heart and bone health."
Carlson Wild Norwegian Cod Liver Oil Natural Lemon -- 110...,TND44.63 ,https://www.vitacost.com/Images/Products/200/Carlson/Carlson-Wild-Norwegian-Cod-Liver-Oil-Natural-Lemon-088395013522.jpg,"Carlson Cod Liver Oil in lemon flavor has received numerous awards for its taste and quality. A single teaspoonful provides 1,100 mg of omega-3s, including EPA and DHA, which support heart, brain, vision, and joint health. To ensure maximum freshness, Cod Liver Oil is closely managed from sea to store."
NOW NAC -- 600 mg - 250 Veg Capsules,TND28.19 ,https://www.vitacost.com/Images/Products/200/NOW-Foods/NOW-NAC-733739000866.jpg,"N-Acetyl Cysteine (NAC) is a stable form of the non-essential amino acid L-Cysteine. It is a sulfur-containing amino acid that acts as a stabilizer for the formation of protein structures, and is also necessary for the formation of glutathione. Molybdenum and Selenium are essential trace minerals that facilitate the production of several important enzymes."
BIOptimizers Magnesium Breakthrough Capsules - Informed S...,TND26.99 ,https://www.vitacost.com/Images/Products/200/BIOptimizers/BIOptimizers-Magnesium-Breakthrough-Capsules-Informed-Sport-Certified-850018116763.jpg,"Magnesium Breakthrough combines 7 types of magnesium in a humic/fulvic monoatomic blend, to optimize absorption. And to our knowledge, it’s the most complete magnesium supplement blend available. May support digestion and promote rejuvenating restful sleep."
"Vitacost-Synergy Advan-C® 1,000 mg per serving with Querc...",TND8.69 ,https://www.vitacost.com/Images/Products/200/Vitacost-Synergy/Vitacost-Synergy-Advan-C-1-000-mg-per-serving-with-Quercetin-And-Bioflavonoids-844197019328.jpg,What is Advan-C with Quercetin and Citrus Bioflavonoids?
"Vitacost Vitamin A -- 3000 mcg (10,000 IU) - 100 Softgels",TND2.99 ,https://www.vitacost.com/Images/Products/200/Vitacost/Vitacost-Vitamin-A-844197026296.jpg,What is Vitamin A?
Jarrow Formulas Energy B-Right Complex -- 100 Veggie Caps,TND22.87 ,https://www.vitacost.com/Images/Products/200/Jarrow-Formulas/Jarrow-Formulas-Energy-B-Right-Complex-790011010067.jpg,"B vitamins play an important role in the body, including energy metabolism and stress management. B-Right is an optimized low-odor B-Complex formula that includes efficiently utilized forms of vitamins B1 (thiamin), B2 (riboflavin), B5 (pantethine), B6 (P-5-P), B12 (methylcobalamin), and B9 (methyl folate)."
Jarrow Formulas Bone & Joint MK-7 -- 90 mcg - 120 Softgels,TND29.09 ,https://www.vitacost.com/Images/Products/200/Jarrow-Formulas/Jarrow-Formulas-Bone-And-Joint-MK-7-790011300076.jpg,"Jarrow Formulas® MK-7 is made via fermentation by Bacillus subtilis subsp. natto. MK-7 (Menaquinone-7) is the bioactive form of vitamin K2, traditionally found naturally occurring in Natto. MK-7 is ten times better absorbed than K1, from spinach and is responsible for the carboxylation of specific bone proteins needed for building bones."
Solaray Vitamin D3 plus K2 -- 120 Vegetable,TND28.99 ,https://www.vitacost.com/Images/Products/200/Solaray/Solaray-Vitamin-D3-plus-K2-076280574456.jpg,This formula combines high-potency natural source D-3 Cholecalciferol with a clinically supported serving of K-2 Menaquinone-7 (MK-7) from fermented chickpea. These vitamins works synergistically to support bone and cardiovascular health in addition to maintain healthy calcium levels.
NOW Zinc Picolinate -- 50 mg - 120 Veg Capsules,TND10.59 ,https://www.vitacost.com/Images/Products/200/NOW/NOW-Zinc-Picolinate-733739015525.jpg,"Zinc is essential to the normal function of many organs and systems within the body including the skeletal, immune, neurological, and endocrine systems. Zinc is a necessary mineral co-factor for hundreds of enzymatic reactions related to protein and carbohydrate metabolism, RNA/DNA synthesis and intercellular signaling. It is also known to play a critical role in the body's defense against oxidative processes and is especially helpful for maintenance of healthy aging."
Qunol Ultra CoQ10 -- 100 mg - 120 Softgels,TND33.99 ,https://www.vitacost.com/Images/Products/200/Qunol/Qunol-Ultra-CoQ10-898440001165.jpg,"Landmark research and dozens of clinical studies have proven CoQ10 to be one of the most remarkable natural supplements and antioxidants around. It supports heart health and boosts cellular energy, replenishing the body with the CoQ10 it lacks. Although the human body is capable of producing CoQ10, as we age, the body loses its ability to produce enough. In addition, many cholesterol lowering statin drugs can also deplete the body of CoQ10. But take heart, helping the body to return to normal levels is easy...as easy as taking Qunol Ultra CoQ10 soft gels."
NOW Taurine -- 1000 mg - 100 Capsules,TND7.39 ,https://www.vitacost.com/Images/Products/200/NOW/NOW-Taurine-733739001429.jpg,"Taurine is a conditionally essential amino acid that is not utilized for protein synthesis, but is mainly found free in most tissues, especially throughout the nervous system. It functions in tissues by stabilizing cell membranes, aiding the transport of potassium, sodium, calcium and magnesium in and out of cells. Taurine helps to generate and regulate nerve impulses and aids in the maintenance of fluid balance; it is also used by the body in visual pathways, as well as in the brain and nervous system, w here it works together with glycine and GABA as a neurotransmitter."
Vitacost Alpha Lipoic Acid with Biotin -- 300 mg - 60 Cap...,TND7.99 ,https://www.vitacost.com/Images/Products/200/Vitacost/Vitacost-Alpha-Lipoic-Acid-with-Biotin-835003000968.jpg,What is Alpha Lipoic Acid with Biotin?
NOW Berberine Glucose Support -- 90 Softgels,TND22.89 ,https://www.vitacost.com/Images/Products/200/NOW-Foods/NOW-Berberine-Glucose-Support-733739014184.jpg,"Berberine is a natural constituent of herbs such as goldenseal, Oregon grape, and barberry. Clinical studies have demonstrated that berberine helps to support already normal glucose and lipid metabolism. Because berberine is known for its limited bioavailability, this product includes caprate (C10, a medium-chain triglyceride) to promote optimal absorption and maintenance of gastrointestinal comfort during berberine supplementation."
Vitacost-Synergy Milk Thistle Extract - Standardized -- 6...,TND12.99 ,https://www.vitacost.com/Images/Products/200/Vitacost-Synergy/Vitacost-Synergy-Milk-Thistle-Extract-Standardized-835003000500.jpg,What is Milk Thistle?
Vitacost Fish Oil Lemon -- 2000 mg per serving - 300 Soft...,TND21.50 ,https://www.vitacost.com/Images/Products/200/Vitacost/Vitacost-Fish-Oil-Lemon-835003003204.jpg,What is Fish Oil?
Vitacost Vitamin C 500 mg Including Rose Hips -- 250 Caps...,TND11.99 ,https://www.vitacost.com/Images/Products/200/Vitacost/Vitacost-Vitamin-C-500-mg-Including-Rose-Hips-835003004669.jpg,What is Vitamin C?
Vitacost Nattokinase NSK-SD® -- 2000 FU - 90 Capsules,TND25.99 ,https://www.vitacost.com/Images/Products/200/Vitacost/Vitacost-Nattokinase-NSK-SD-835003001682.jpg,What is Nattokinase NSK-SD?
Vitacost Magnesium -- 400 mg - 200 Capsules,TND8.99 ,https://www.vitacost.com/Images/Products/200/Vitacost/Vitacost-Magnesium-844197015856.jpg,What is Magnesium?
Nature Made CholestOff Plus -- 100 Softgels,TND25.59 ,https://www.vitacost.com/Images/Products/200/Nature-Made/Nature-Made-CholestOff-Plus-031604027889.jpg,"Nature Made CholestOff Plus is a dietary supplement that helps support a healthy heart and lowers dietary cholesterol (1). Reducol lowers cholesterol by reducing the absorption of dietary cholesterol into the bloodstream (1). Adults, take two of these lower cholesterol supplements twice daily with water at your two largest meals for a total of 1800 mg of plant sterols and stanols (2) per day to lower dietary cholesterol. Nature Made supplements are quality you can trust. USP has tested and verified ingredients, potency and manufacturing process. USP sets official standards for dietary supplements."
Vitacost R-Alpha Lipoic Acid Stabilized RALA -- 210 mg --...,TND23.19 ,https://www.vitacost.com/Images/Products/200/Vitacost/Vitacost-R-Alpha-Lipoic-Acid-Stabilized-RALA-835003005871.jpg,What is R-Alpha Lipoic acid?
Garden of Life Grass Fed Collagen Peptides Unflavored -- ...,TND32.89 ,https://www.vitacost.com/Images/Products/200/Garden-of-Life/Garden-of-Life-Grass-Fed-Collagen-Peptides-Unflavored-658010124591.jpg,Grass Fed + Pasture Raised
Vitacost TMG - Trimethylglycine (Betaine Anhydrous) -- 75...,TND11.99 ,https://www.vitacost.com/Images/Products/200/Vitacost/Vitacost-TMG-Trimethylglycine-Betaine-Anhydrous-835003001125.jpg,What is TMG (trimethylglycine)?
Vitacost Psyllium Husks -- 2625 mg per serving - 200 Caps...,TND9.29 ,https://www.vitacost.com/Images/Products/200/Vitacost/Vitacost-Psyllium-Husks-835003001965.jpg,What is Psyllium Husks?
Doctor's Best High Absorption Magnesium -- 100 mg - 240 T...,TND19.89 ,https://www.vitacost.com/Images/Products/200/Doctors-Best/Doctors-Best-High-Absorption-Magnesium-753950000872.jpg,"Doctor's Best High Absorption Magnesium uses a patented, organic, chelated delivery form of magnesium to optimize bioavailability and GI tolerance. It is not buffered and more absorbable than magnesium oxide."
Vitacost Activated Charcoal -- 260 mg - 90 Capsules,TND5.99 ,https://www.vitacost.com/Images/Products/200/Vitacost/Vitacost-Activated-Charcoal-844197017522.jpg,What is Activated Charcoal?
MegaFood Magnesium 300mg Blend of Magnesium Glycinate Cit...,TND15.99 ,https://www.vitacost.com/Images/Products/200/MegaFood/MegaFood-Magnesium-300mg-Blend-of-Magnesium-Glycinate-Citrate-And-Malate-051494103968.jpg,"Now you can relax! Our MegaFood Magnesium 300 contains three synergistic forms of magnesium to help support a healthy heart, nervous system, and muscle relaxation. Formulated to be gentle and effective."
Vitacost Red Yeast Rice -- 1200 mg per serving - 120 Caps...,TND7.99 ,https://www.vitacost.com/Images/Products/200/Vitacost/Vitacost-Red-Yeast-Rice-844197016099.jpg,What is Red Yeast Rice?
Vitacost-Synergy L-Theanine from Suntheanine® -- 100 mg -...,TND16.99 ,https://www.vitacost.com/Images/Products/200/Vitacost-Synergy/Vitacost-Synergy-L-Theanine-from-Suntheanine-844197014408.jpg,What is L-Theanine from Suntheanine®?
Vitacost N-Acetyl L-Cysteine -- 600 mg - 120 Capsules,TND12.99 ,https://www.vitacost.com/Images/Products/200/Vitacost/Vitacost-N-Acetyl-L-Cysteine-835003000609.jpg,What is N-Acetyl Cysteine?
Life Extension Vitamins D and K with Sea-Iodine™ -- 60 Ca...,TND18.00 ,https://www.vitacost.com/Images/Products/200/Life-Extension/Life-Extension-Vitamins-D-and-K-with-Sea-Iodine-737870204060.jpg,"Maintaining healthy vitamin D levels helps support cognitive health, promotes bone health, encourages healthy immune function and more. Vitamin K helps maintain your body’s calcium balance, which affects everything from cardiovascular health to bone density. Iodine is essential for the production of thyroid hormones."
Vitacost-Synergy Maximum Absorption CoQ10 featuring Q-Gel...,TND11.99 ,https://www.vitacost.com/Images/Products/200/Vitacost-Synergy/Vitacost-Synergy-Maximum-Absorption-CoQ10-featuring-Q-Gel-and-ETS-844197029365.jpg,What is CoQ10?
Vitacost L-Lysine -- 1000 mg - 250 Tablets,TND12.99 ,https://www.vitacost.com/Images/Products/200/Vitacost/Vitacost-L-Lysine-844197015528.jpg,What is L-Lysine with Vitamin B-6?
Vitacost Glutathione -- 500 mg - 60 Capsules,TND19.99 ,https://www.vitacost.com/Images/Products/200/Vitacost/Vitacost-Glutathione-844197015832.jpg,What is Glutathione?
Vitacost Lutein -- 40 mg including Zeaxanthin - 60 Softgels,TND11.02 ,https://www.vitacost.com/Images/Products/200/Vitacost/Vitacost-Lutein-844197018956.jpg,What are Lutein and Zeaxanthin?
NOW Mega D-3 & MK-7 -- 120 Capsules,TND25.89 ,https://www.vitacost.com/Images/Products/200/NOW/NOW-Mega-D-3-And-MK-7-733739003867.jpg,"Now® Mega D-3 & MK-7 combines vitamins D-3 and K-2, two nutrients extensively researched for their roles in the health of bones, teeth and cardiovascular system. Vitamin D-3 works with calcium to support bone health, and more recent studies indicate it's important for immune system health as well. MenaQ7® MK-7 is a unique soy-free, bioavailable form of vitamin K-2 that plays a critical role in arterial health through its ability to support proper calcium metabolism in blood vessels and arteries. Vitamin K-2 is also important for the formation of strong, healthy bones."
Nature's Way Zinc Chelate - Supports Immune Function -- 3...,TND6.19 ,https://www.vitacost.com/Images/Products/200/Natures-Way/Natures-Way-Zinc-Chelate-Supports-Immune-Function-033674410912.jpg,Zinc is an essential mineral for immune and general health. Nature's Way Zinc Chelate provides zinc in an advanced chelate complex to improve absorption. High potency zinc with 275% Daily Value per serving.
Vitacost Natural Vitamin E -- 268 mg (400 IU) - 250 Softgels,TND19.99 ,https://www.vitacost.com/Images/Products/200/Vitacost/Vitacost-Natural-Vitamin-E-844197029037.jpg,What is Natural Vitamin E?
Vitacost L-Theanine -- 200 mg - 60 Tablets,TND10.99 ,https://www.vitacost.com/Images/Products/200/Vitacost/Vitacost-L-Theanine-844197015917.jpg,What is L-Theanine?
Vitacost Quercetin & Bromelain -- 120 Capsules,TND19.99 ,https://www.vitacost.com/Images/Products/200/Vitacost/Vitacost-Quercetin-And-Bromelain-835003009459.jpg,What is Quercetin & Bromelain?
MRM Quercetin -- 500 mg - 60 Vegan Capsules,TND21.59 ,https://www.vitacost.com/Images/Products/200/MRM/MRM-Quercetin-609492540201.jpg,"Quercetin is a very highly concentrated form of bioflavonoids derived from citrus fruit. It is also one of the most abundant naturally occurring flavonoids in the human diet and has been shown to support prostate health. Bioflavonoids acts as an antioxidant to protect the body from free radical scavengers, recycle vitamin C, support immune health and modulate blood pressure. Epidemiological studies suggest that consumption of quercetin supports cardiovascular health. Studies in blood glucose metabolism have shown positive effects on blood flow and eye health. Additional research also suggest that quercetin supports kidney as well as immune health."
Vitacost Vitamin B-12 Methylcobalamin -- 5000 mcg - 60 Ca...,TND9.44 ,https://www.vitacost.com/Images/Products/200/Vitacost/Vitacost-Vitamin-B-12-Methylcobalamin-844197016143.jpg,What is Vitamin B-12?
Nature Made Magnesium Glycinate -- 200 mg - 60 Capsules,TND16.69 ,https://www.vitacost.com/Images/Products/200/Nature-Made/Nature-Made-Magnesium-Glycinate-031604043131.jpg,"Nature Made® Magnesium Glycinate 200 mg per serving is a 100% chelated, high absorption Magnesium supplement for men and women that supports muscle relaxation, bone health, heart health, and nerve health. Sourced from high-quality ingredients, this gluten free Magnesium Glycinate supplement contains no color added and no artificial flavors. Magnesium is an essential mineral required for more than 300 enzymatic reactions in the body. Magnesium-Glycinate has better absorption and better GI tolerance than other Magnesium supplement forms, is gentle on the stomach, helps relax the body, and offers dietary support in two daily Magnesium capsules. With over half of the U.S. population not consuming enough Magnesium in their diet, Magnesium supplements, like this Magnesium Glycinate 200mg per serving supplement, help to contribute to the Magnesium your body needs."
Pure Encapsulations Magnesium Glycinate -- 360 Capsules,TND83.60 ,https://www.vitacost.com/Images/Products/200/Pure-Encapsulations/Pure-Encapsulations-Magnesium-Glycinate-766298007571.jpg,"Magnesium activates the enzymes necessary for a number of physiological functions, including neuromuscular contractions, cardiac function, and the regulation of the acid - alkaline balance in the body. It is necessary for the metabolism of carbohydrates, amino acids and fats; also for energy production, and the utilization of calcium, phosphorus, sodium, and potassium. This vital mineral also helps utilize B-complex vitamins, vitamin C, and vitamin E. Magnesium glycinate is less likely to cause loose stools than other forms of magnesium."
Vitacost-Synergy Optimized B-100 Complex Enhanced Absorpt...,TND12.19 ,https://www.vitacost.com/Images/Products/200/Vitacost-Synergy/Vitacost-Synergy-Optimized-B-100-Complex-Enhanced-Absorption-844197017133.jpg,What is Optimized B-100 Complex?
Nature Made Multi For Her 50 Plus No Iron -- 90 Tablets,TND10.49 ,https://www.vitacost.com/Images/Products/200/Nature-Made/Nature-Made-Multi-For-Her-50-Plus-No-Iron-031604017965.jpg,"Nature Made Multivitamin For Her 50+ with No Iron is a dietary supplement specially formulated with 22 key nutrients, including Vitamin B, Vitamin C, Vitamin D3, and Vitamin E for daily nutritional support for women age 50 and over. Made in the USA with quality global ingredients, this Nature Made multivitamin for women 50 plus contains no color added, no artificial flavors, and is gluten free."
"Vitacost Bromelain -- 2,000 GDU per serving - 120 Capsules",TND14.99 ,https://www.vitacost.com/Images/Products/200/Vitacost/Vitacost-Bromelain-835003001620.jpg,What is bromelain?
Vitacost Vitamin K2 100 mcg MK-7 - 16 mg Nattokinase -- 9...,TND8.99 ,https://www.vitacost.com/Images/Products/200/Vitacost/Vitacost-Vitamin-K2-100-mcg-MK-7-16-mg-Nattokinase-844197011919.jpg,What is Vitamin K2 (MK-7) with Nattokinase?
NOW NAC -- 1000 mg - 120 Tablets,TND20.69 ,https://www.vitacost.com/Images/Products/200/NOW/NOW-NAC-733739001856.jpg,"N-Acetyl Cysteine (NAC) is a stable form of the non-essential amino acid L-Cysteine. It is a sulfur-containing amino acid that acts as a stabilizer for the formation of protein structures, and promotes the formation of glutathione. Glutathione is a powerful free radical scavenging compound that also helps to maintain normal, balanced immune system function. In addition, NAC can help to support healthy brain and neuronal tissues."
Jarrow Formulas Energy Methyl B-12 & Methyl Folate Chewab...,TND17.24 ,https://www.vitacost.com/Images/Products/200/Jarrow-Formulas/Jarrow-Formulas-Energy-Methyl-B-12-And-Methyl-Folate-Chewable-Tablets-790011180180.jpg,"Jarrow Formulas® Methyl B-12, Methylfolate Plus Pyridoxal-5-Phosphate (P5P) Tablet combines the active forms of these vitamins to support DNA and neurotransmitter synthesis and amino acid metabolism. Homoocysteine is converted to methionine by mthylfolate and B12, and to cysteine by P5P-dependent enzymes."
OM Mushroom Master Blend Pouch -- 6.2 oz,TND32.79 ,https://www.vitacost.com/Images/Products/200/OM/OM-Mushroom-Master-Blend-Pouch-850011996218.jpg,"Supercharge your daily health with this unique blend created by our mycology experts. It contains 10 species of USA grown, organic whole food mushrooms with a full and diverse spectrum of naturally occurring active compounds including beta glucans, plus organic Reishi extract standardized to 35% beta glucan content, and organic content, and organic botanical adaptogens. It's a powerful master blend for vibrant health."
Nature's Way Sambucus Immune Gummies - Elderberry - Vitam...,TND17.09 ,https://www.vitacost.com/Images/Products/200/Natures-Way/Natures-Way-Sambucus-Immune-Gummies-Elderberry-Vitamin-C-Vitamin-D3-Zinc-033674104866.jpg,"You’ll love making these immune support gummies a part of your daily routine. Nature’s Way Sambucus Immune Gummies for ages 4+ help support immune health with high potency vitamins C & D3, an excellent source of zinc, and a highly concentrated black elderberry extract. Our black elderberry extract is made from berries that are hand-picked and harvested at their peak in select locations across Europe. The extract has naturally-occurring anthocyanins for antioxidant support, and every lot is tested to ensure we’re bringing you the best."
Life Extension Magnesium Caps -- 500 mg - 100 Vegetarian ...,TND9.00 ,https://www.vitacost.com/Images/Products/200/Life-Extension/Life-Extension-Magnesium-Caps-737870145912.jpg,"Life Extension®'s best-selling supplement offers the daily dose of magnesium your body needs to support heart and bone health, healthy energy metabolism, brain function and much more."
Vitacost Niacinamide - Vitamin B3 -- 500 mg - 200 Capsules,TND7.49 ,https://www.vitacost.com/Images/Products/200/Vitacost/Vitacost-Niacinamide-Vitamin-B3-835003001149.jpg,What is Vitamin B3?
Life Extension NAD plus Cell Regenerator Nicotinamide Rib...,TND18.00 ,https://www.vitacost.com/Images/Products/200/Life-Extension/Life-Extension-NAD-plus-Cell-Regenerator-Nicotinamide-Riboside-737870190431.jpg,"NAD+ Cell Regenerator™ promotes systemic youthful functions by providing nicotinamide riboside — a patented compound for reversing the age-related decline in NAD+ (nicotinamide adenine dinucleotide) levels. Found in every cell in the body, this enzyme plays a critical role in maintaining healthy cellular metabolism. Nicotinamide riboside represents an innovative advance to combat aging that functions via unique mechanisms not found in typical dietary supplements. And with NAD+ Cell Regenerator™, you now have an effective and affordable method to boost the critical NAD+enzyme for refreshed vitality."
Solgar Gentle Iron® -- 25 mg - 90 Vegetable Capsules,TND10.19 ,https://www.vitacost.com/Images/Products/200/Solgar/Solgar-Gentle-Iron-033984012493.jpg,"Iron is an important component of hemoglobin, the protein that carries oxygen from the lungs to all tissues of the body and promotes iron rich blood. Iron promotes normal red blood cell production and supports energy utilization. This formulation provides an advanced, patented form of iron which is non-constipating and gentle on the stomach."
Vitacost Urinary Support† Complex with Cranberry -- 100 C...,TND5.99 ,https://www.vitacost.com/Images/Products/200/Vitacost/Vitacost-Urinary-Support-Complex-with-Cranberry-844197016785.jpg,What is Urinary Support† Complex?
Vitacost Trans-Resveratrol -- 250 mg - 60 Capsules,TND13.99 ,https://www.vitacost.com/Images/Products/200/Vitacost/Vitacost-Trans-Resveratrol-844197012688.jpg,What is Resveratrol?
Vitacost Vitamin C Complex Including Citrus Bioflavonoids...,TND16.99 ,https://www.vitacost.com/Images/Products/200/Vitacost/Vitacost-Vitamin-C-Complex-Including-Citrus-Bioflavonoids-835003007462.jpg,What are the key benefits of Vitacost® Vitamin C Complex including Citrus Bioflavonoids?
Vitacost-Synergy Super DHA Omega-3 -- 1000 mg - 120 Softgels,TND22.99 ,https://www.vitacost.com/Images/Products/200/Vitacost-Synergy/Vitacost-Synergy-Super-DHA-Omega-3-844197027156.jpg,What is DHA?
Qunol Mega CoQ10 -- 100 mg - 120 Softgels,TND39.39 ,https://www.vitacost.com/Images/Products/200/Qunol/Qunol-Mega-CoQ10-898440001196.jpg,The Gold Standard in CoQ10
NOW Super Enzymes -- 180 Capsules,TND23.99 ,https://www.vitacost.com/Images/Products/200/NOW-Foods/NOW-Foods-Super-Enzymes-733739029645.jpg,"NOW® Super Enzymes is a comprehensive blend of enzymes that supports healthy digestion. Formulated with bromelain, ox bile, pancreatin and papain, Super Enzymes helps to optimize the breakdown of fats, carbohydrates and protein."
Vitacost Melatonin Plus Theanine -- 180 Tablets,TND5.75 ,https://www.vitacost.com/Images/Products/200/Vitacost/Vitacost-Melatonin-Plus-Theanine-844197017195.jpg,What is Melatonin Plus Theanine?
Garden of Life Vitamin Code® RAW D3 -- 5000 IU - 60 Veget...,TND20.99 ,https://www.vitacost.com/Images/Products/200/Garden-of-Life/Garden-of-Life-Vitamin-Code-RAW-D3-658010115865.jpg,Vitamin Code® Raw D3™
Vitacost Calcium Citrate with Magnesium -- 250 Capsules,TND9.99 ,https://www.vitacost.com/Images/Products/200/Vitacost/Vitacost-Calcium-Citrate-with-Magnesium-844197015429.jpg,What is Calcium Citrate (with Magnesium)?
Vitacost-Synergy Ubiquinol CoQH Featuring Kaneka Ubiquino...,TND45.99 ,https://www.vitacost.com/Images/Products/200/Vitacost-Synergy/Vitacost-Synergy-Ubiquinol-CoQH-Featuring-Kaneka-Ubiquinol-844197014439.jpg,What is Ubiquinol CoQH?
Vitacost Biotin -- 5000 mcg - 300 Capsules,TND10.19 ,https://www.vitacost.com/Images/Products/200/Vitacost/Vitacost-Biotin-835003002283.jpg,What is Biotin?
Vitacost Vitamin K Complex K1 200 mcg & K2 200 mcg -- 400...,TND14.99 ,https://www.vitacost.com/Images/Products/200/Vitacost/Vitacost-Vitamin-K-Complex-K1-200-mcg-And-K2-200-mcg-835003007325.jpg,What is Vitamin K Complex?
Jarrow Formulas Immune Support Vitamin D3 -- 5000 IU - 10...,TND12.74 ,https://www.vitacost.com/Images/Products/200/Jarrow-Formulas/Jarrow-Formulas-Immune-Support-Vitamin-D3-790011300052.jpg,"Jarrow Formulas Vitamin D3 provides cholecalciferol, which is more biologically active than ergocalciferol (D2). Vitamin D3 is ultimately converted to its hormonally-active form, calcitriol, in the kidneys. Calcitriol enhances dietary calcium and phosphorous absorption, stimulates the synthesis of osteocalcin (an important structural protein in bone), and supports a healthy immune response."
New Chapter Wholemega Fish Oil -- 180 Softgels,TND55.39 ,https://www.vitacost.com/Images/Products/200/New-Chapter/New-Chapter-Wholemega-Fish-Oil-727783050007.jpg,Heart Health & More
Vitacost Acidophilus Probiotic Complex 8 Strains - 14 Bil...,TND10.99 ,https://www.vitacost.com/Images/Products/200/Vitacost/Vitacost-Acidophilus-Probiotic-Complex-8-Strains-14-Billion-CFU-844197016549.jpg,What is Acidophilus Probiotic Complex?
Vitacost Selenium SeLECT® -- 200 mcg - 100 Capsules,TND3.99 ,https://www.vitacost.com/Images/Products/200/Vitacost/Vitacost-Selenium-SeLECT-844197016020.jpg,What is Selenium?
Vitacost Biotin -- 10000 mcg - 100 Tablets,TND5.85 ,https://www.vitacost.com/Images/Products/200/Vitacost/Vitacost-Biotin-844197024834.jpg,What is Biotin?
Natural Vitality Calm Anti-Stress Drink Mix -- 16 oz,TND30.19 ,https://www.vitacost.com/Images/Products/200/Natural-Vitality/Natural-Vitality-Calm-Anti-Stress-Drink-Mix-183405000025.jpg,Experience Calm:
KAL Magnesium Glycinate 350 -- 160 VegCaps,TND19.99 ,https://www.vitacost.com/Images/Products/200/KAL/KAL-Magnesium-Glycinate-350-021245390220.jpg,Why Glycinate?
NOW Glutathione -- 500 mg - 120 Veg Capsules,TND43.89 ,https://www.vitacost.com/Images/Products/200/NOW/NOW-Glutathione-733739001764.jpg,"Glutathione is a small peptide molecule composed of three amino acids: cysteine, glutamic acid, and glycine. It is produced by every cell of the body, with especially high levels in the liver. Glutathione is critical for healthy immune system function and is necessary for proper detoxification processes. It also plays a critical role in maintaining cellular health by directly neutralizing free radicals, as well as by maintaining the activity of vitamins C and E. Milk thistle extract and alpha lipoic acid are included as complementary ingredients."
Vitacost GABA Gamma - Aminobutyric Acid -- 1000 mg per se...,TND12.66 ,https://www.vitacost.com/Images/Products/200/Vitacost/Vitacost-GABA-Gamma-Aminobutyric-Acid-835003002733.jpg,What is GABA (gamma-aminobutyric acid)?
Jarrow Formulas Jarro-Dophilus EPS -- 10 billion CFU - 12...,TND37.49 ,https://www.vitacost.com/Images/Products/200/Jarrow-Formulas/Jarrow-Formulas-Jarro-Dophilus-EPS-790011030249.jpg,"Jarro-Dophilus EPS is a Stable-Dophilus® probiotic due to its shelf life stability at room temperature and its enteric coating delivery system, which protects the beneficial probiotic strains while in transit through the stomach's acidic environment. The delivery system ensures that a maximum number of viable cells are delivered into the intestinal tract, where they can fully exert their beneficial effects. The strains in Jarro-Dophilus EPS® are selected from the following 4 genera:"
Doctor's Best High Absorption Magnesium Lysinate Glycinat...,TND13.69 ,https://www.vitacost.com/Images/Products/200/Doctors-Best/Doctors-Best-High-Absorption-Magnesium-Lysinate-Glycinate-753950005655.jpg,"Doctor's Best Magnesium provides an easy-to-swallow, daily dose of high absorption magnesium without the gastrointestinal distress."
Vitacost Red Yeast Rice with Policosanol -- 1200 mg per s...,TND11.99 ,https://www.vitacost.com/Images/Products/200/Vitacost/Vitacost-Red-Yeast-Rice-with-Policosanol-835003006427.jpg,What is Red Yeast Rice?
Garden of Life Vitamin Code® RAW B-12™ -- 30 Vegetarian C...,TND13.29 ,https://www.vitacost.com/Images/Products/200/Garden-of-Life/Garden-of-Life-Vitamin-Code-RAW-B-12-658010113793.jpg,What RAW Means
Yerba Prima Psyllium Whole Husks -- 12 oz,TND13.69 ,https://www.vitacost.com/Images/Products/200/Yerba-Prima/Yerba-Prima-Psyllium-Whole-Husks-046352001050.jpg,"Doctors recommend Psyllium Husks fiber for people eating low carb diets. Psyllium husks are the strongest natural dietary fiber for promoting regularity and supporting heart health. For best results, use daily as long as desired. Yerba Prima Psyllium Husks are gluten free, with no added sweeteners, colors or additives."
Double Wood Supplements Tudca Tauroursodeoxycholic Acid -...,TND27.95 ,https://www.vitacost.com/Images/Products/200/Double-Wood-Supplements/Double-Wood-Supplements-Tudca-Tauroursodeoxycholic-Acid-859793007464.jpg,Tudca (Tauroursodeoxycholic Acid) is a water-soluble bile acid that is naturally produced in small amounts in the body and has a long history of usage in Traditional Chinese medicine.
NOW Magtein -- 90 Veg Capsules,TND27.19 ,https://www.vitacost.com/Images/Products/200/NOW/NOW-Magtein-733739023902.jpg,"Magnesium (Mg) is an essential mineral best known for its role in bone and nervous system function. Recent research has demonstrated that it is also critical for normal brain health and normal cognitive function by maintaining the density and stability of neuronal synapses. However, most forms of Mg are not easily absorbed into the nervous system. Magtein™ is a patented form of Mg that readily crosses the blood-brain barrier for utilization in the brain. Laboratory studies indicate that Magtein™ supports brain health and may facilitate learning and memory, as well as a relaxed mood."
Garden of Life Dr. Formulated Probiotics Organic Kids Plu...,TND19.59 ,https://www.vitacost.com/Images/Products/200/Garden-of-Life/Garden-of-Life-Dr-Formulated-Probiotics-Organic-Kids-Plus-Berry-Cherry-658010121194.jpg,"Dr. Perlmutter created this unique Immune System and Digestive Support formula especially for kids. Each chewable is Certified USDA Organic, tastes great and has no added sugar."
Garden of Life Vitamin Code® RAW One™ Multivitamin for Me...,TND30.09 ,https://www.vitacost.com/Images/Products/200/Garden-of-Life/Garden-of-Life-Vitamin-Code-RAW-One-Multivitamin-for-Men-658010114028.jpg,"Vitamin Code® Raw One™ For Men is whole food nutrition, specifically formulated to meet the unique needs of Men on-the-go."
Vitacost Certified Organic Apple Cider Vinegar with Mothe...,TND6.89 ,https://www.vitacost.com/Images/Products/200/Vitacost/Vitacost-Certified-Organic-Apple-Cider-Vinegar-with-Mother-844197017461.jpg,What is Vitacost Certified Organic Apple Cider Vinegar with Mother?
Solaray Magnesium Glycinate -- 350 mg per serving - 120 V...,TND16.99 ,https://www.vitacost.com/Images/Products/200/Solaray/Solaray-Magnesium-Glycinate-076280549010.jpg,"The Best Just Got Better.
Our higher absorption Magnesium Glycinate is now New & Improved for Mind, Body and Bones. This unique blend is formulated with the amino acid, glycine, to give your body the best in terms of absorption & bioavailability. To further improve our formula we've added Bioperine from black pepper extract."
NOW Whole Psyllium Husks -- 16 oz,TND9.19 ,https://www.vitacost.com/Images/Products/200/NOW/NOW-Whole-Psyllium-Husks-733739059819.jpg,"Soluble fiber from foods such as psyllium seed husks, as part of a diet low in saturated fat and cholesterol, may reduce the risk of heart disease. A serving of Whole Psyllium Husks supplies 6 grams of the 7 grams soluble fiber necessary per day to have this effect."
Vitacost Vitamin C Including Citrus Bioflavonoids -- 500 ...,TND5.99 ,https://www.vitacost.com/Images/Products/200/Vitacost/Vitacost-Vitamin-C-Including-Citrus-Bioflavonoids-844197016181.jpg,What are the key benefits of Vitacost® Vitamin C including Citrus Bioflavonoids?
"Vitacost Ultra Calcium 1,200 mg per serving with Vitamin ...",TND16.99 ,https://www.vitacost.com/Images/Products/200/Vitacost/Vitacost-Ultra-Calcium-1-200-mg-per-serving-with-Vitamin-D3-844197017997.jpg,What is Ultra Calcium?
Life Extension N-Acetyl-L-Cysteine -- 600 mg - 60 Vegetar...,TND12.00 ,https://www.vitacost.com/Images/Products/200/Life-Extension/Life-Extension-N-Acetyl-L-Cysteine-737870154365.jpg,
Vitacost-Synergy SKO® Superior Krill Oil -- 1500 mg - 60 ...,TND23.99 ,https://www.vitacost.com/Images/Products/200/Vitacost-Synergy/Vitacost-Synergy-SKO-Superior-Krill-Oil-844197012770.jpg,What is SKO® Superior Krill Oil?
NeoCell Super Collagen™ Powder Unflavored -- 6.6 g - 7 oz,TND15.19 ,https://www.vitacost.com/Images/Products/200/NeoCell/NeoCell-Super-Collagen-Powder-Unflavored-016185019867.jpg,
